Team,Game 1,Game 2,Game 3
Boys U11ABROTHERLY LOVE 2023,Boys U11ALIONVILLE U11A,Boys U11ATEAM HARLEY 2022,Boys U11AUPRISING 2023
Boys U11ALIONVILLE U11A,Boys U11ABROTHERLY LOVE 2023,Boys U11AUPRISING 2023,Boys U11ATEAM HARLEY 2022
Boys U11ATEAM HARLEY 2022,Boys U11AUPRISING 2023,Boys U11ABROTHERLY LOVE 2023,Boys U11ALIONVILLE U11A
Boys U11AUPRISING 2023,Boys U11ATEAM HARLEY 2022,Boys U11ALIONVILLE U11A,Boys U11ABROTHERLY LOVE 2023
Boys U11BBROTHERLY LOVE 2023/2024,Boys U11BBYC 3,Boys U11BROSE TREE OPTIMIST,Boys U11BU11 B FLYNN
Boys U11BBYC 3,Boys U11BBROTHERLY LOVE 2023/2024,Boys U11BBYC U11B-I'M,Boys U11BPHILADELPHIA FREEDOM 2024
Boys U11BBYC U11B-I'M,Boys U11BU11 B FLYNN,Boys U11BBYC 3,Boys U11BUPPER MERION LACROSSE CLUB 3/4 C
Boys U11BU11 B FLYNN,Boys U11BBYC U11B-I'M,Boys U11BPHILADELPHIA FREEDOM 2024,Boys U11BBROTHERLY LOVE 2023/2024
Boys U11BPHILADELPHIA FREEDOM 2024,Boys U11BDummy 1,Boys U11BU11 B FLYNN,Boys U11BBYC 3
Boys U11BROSE TREE OPTIMIST,Boys U11BSPRING-FORD C BLUE,Boys U11BBROTHERLY LOVE 2023/2024,Boys U11BUPRISING 2024
Boys U11BSPRING-FORD C BLUE,Boys U11BROSE TREE OPTIMIST,Boys U11BUPPER MERION LACROSSE CLUB 3/4 C,Boys U11BDummy 1
Boys U11BUPPER MERION LACROSSE CLUB 3/4 C,Boys U11BUPRISING 2024,Boys U11BSPRING-FORD C BLUE,Boys U11BBYC U11B-I'M
Boys U11BUPRISING 2024,Boys U11BUPPER MERION LACROSSE CLUB 3/4 C,Boys U11BDummy 1,Boys U11BROSE TREE OPTIMIST
Boys U11BDummy 1,Boys U11BPHILADELPHIA FREEDOM 2024,Boys U11BUPRISING 2024,Boys U11BSPRING-FORD C BLUE
Boys U13ACYLAX U-13A,Boys U13AEAGLES,Boys U13ADummy 2,Boys U13ATEAM HARLEY
Boys U13AEAGLES,Boys U13ACYLAX U-13A,Boys U13ATEAM HARLEY,Boys U13ASPRING-FORD B BLUE
Boys U13ATEAM HARLEY,Boys U13ABLACK STORM,Boys U13AEAGLES,Boys U13ACYLAX U-13A
Boys U13ABLACK STORM,Boys U13ATEAM HARLEY,Boys U13ASPRING-FORD B BLUE,Boys U13ADummy 2
Boys U13ASPRING-FORD B BLUE,Boys U13ADummy 2,Boys U13ABLACK STORM,Boys U13AEAGLES
Boys U13ADummy 2,Boys U13ASPRING-FORD B BLUE,Boys U13ACYLAX U-13A,Boys U13ABLACK STORM
Boys U13BASHBEE B1- ORANGE,Boys U13BBYC U13B-1,Boys U13BBYC U13B-2,Boys U13BBYC U13C
Boys U13BBYC U13B-1,Boys U13BASHBEE B1- ORANGE,Boys U13BBYC U13C,Boys U13BBYC U13B-2
Boys U13BBYC U13B-2,Boys U13BBYC U13C,Boys U13BASHBEE B1- ORANGE,Boys U13BBYC U13B-1
Boys U13BBYC U13C,Boys U13BBYC U13B-2,Boys U13BBYC U13B-1,Boys U13BASHBEE B1- ORANGE
Boys U13BCYLAX U-13B GARNET,Boys U13BCYLAX U-13B GRAY,Boys U13BRTO B1,Boys U13BUPPER MERION LACROSSE CLUB 5/6 B2
Boys U13BCYLAX U-13B GRAY,Boys U13BCYLAX U-13B GARNET,Boys U13BUPPER MERION LACROSSE CLUB 5/6 B2,Boys U13BRTO B1
Boys U13BRTO B1,Boys U13BUPPER MERION LACROSSE CLUB 5/6 B2,Boys U13BCYLAX U-13B GARNET,Boys U13BCYLAX U-13B GRAY
Boys U13BUPPER MERION LACROSSE CLUB 5/6 B2,Boys U13BRTO B1,Boys U13BCYLAX U-13B GRAY,Boys U13BCYLAX U-13B GARNET
Boys U15ACYLAX U-15A,Boys U15AHAVEN A1,Boys U15ALBL STAGS,Boys U15ASPRING-FORD A BLUE
Boys U15AHAVEN A1,Boys U15ACYLAX U-15A,Boys U15ASPRING-FORD A BLUE,Boys U15ALBL STAGS
Boys U15ALBL STAGS,Boys U15ASPRING-FORD A BLUE,Boys U15ACYLAX U-15A,Boys U15AHAVEN A1
Boys U15ASPRING-FORD A BLUE,Boys U15ALBL STAGS,Boys U15AHAVEN A1,Boys U15ACYLAX U-15A
Boys U15BBYC U15B,Boys U15BCYLAX U-15B,Boys U15BUPPER MERION LACROSSE CLUB 7/8 A2,Boys U15BEAGLES
Boys U15BCYLAX U-15B,Boys U15BBYC U15B,Boys U15BEAGLES,Boys U15BSPRING-FORD A GOLD
Boys U15BEAGLES,Boys U15BROSE TREE OPTIMIST 7/8,Boys U15BCYLAX U-15B,Boys U15BBYC U15B
Boys U15BROSE TREE OPTIMIST 7/8,Boys U15BEAGLES,Boys U15BSPRING-FORD A GOLD,Boys U15BUPPER MERION LACROSSE CLUB 7/8 A2
Boys U15BSPRING-FORD A GOLD,Boys U15BUPPER MERION LACROSSE CLUB 7/8 A2,Boys U15BROSE TREE OPTIMIST 7/8,Boys U15BCYLAX U-15B
Boys U15BUPPER MERION LACROSSE CLUB 7/8 A2,Boys U15BSPRING-FORD A GOLD,Boys U15BBYC U15B,Boys U15BROSE TREE OPTIMIST 7/8
Boys U15ClubBUCKS SELECT 2020,Boys U15ClubRISING SONS 2020,Boys U15ClubRISING SONS,Boys U15ClubDummy 3
Boys U15ClubRISING SONS 2020,Boys U15ClubBUCKS SELECT 2020,Boys U15ClubDummy 3,Boys U15ClubRISING SONS
Boys U15ClubRISING SONS,Boys U15ClubDummy 3,Boys U15ClubBUCKS SELECT 2020,Boys U15ClubRISING SONS 2020
Boys U15ClubDummy 3,Boys U15ClubRISING SONS,Boys U15ClubRISING SONS 2020,Boys U15ClubBUCKS SELECT 2020
Boys U9ACOUGARS,Boys U9ADummy 4,Boys U9ADummy 5,Boys U9ADummy 6
Boys U9ADummy 4,Boys U9ACOUGARS,Boys U9ADummy 6,Boys U9ADummy 5
Boys U9ADummy 5,Boys U9ADummy 6,Boys U9ACOUGARS,Boys U9ADummy 4
Boys U9ADummy 6,Boys U9ADummy 5,Boys U9ADummy 4,Boys U9ACOUGARS
Boys U9BCYLAX U-9,Boys U9BSPRING-FORD D BLUE,Boys U9BDummy 7,Boys U9BDummy 8
Boys U9BSPRING-FORD D BLUE,Boys U9BCYLAX U-9,Boys U9BDummy 8,Boys U9BDummy 7
Boys U9BDummy 7,Boys U9BDummy 8,Boys U9BCYLAX U-9,Boys U9BSPRING-FORD D BLUE
Boys U9BDummy 8,Boys U9BDummy 7,Boys U9BSPRING-FORD D BLUE,Boys U9BCYLAX U-9
Girls U11ABELLES,Girls U11ABYC - 4TH GRADE,Girls U11AJUNIOR HAWKS,Girls U11AHENLOPEN STORM
Girls U11ABYC - 4TH GRADE,Girls U11ABELLES,Girls U11AHENLOPEN STORM,Girls U11AJUNIOR HAWKS
Girls U11AJUNIOR HAWKS,Girls U11AHENLOPEN STORM,Girls U11ABELLES,Girls U11ABYC - 4TH GRADE
Girls U11AHENLOPEN STORM,Girls U11AJUNIOR HAWKS,Girls U11ABYC - 4TH GRADE,Girls U11ABELLES
Girls U11BFILIA: CYCLONES,Girls U11BFILIA: HURRICANES,Girls U11BDummy 9,Girls U11BDummy 10
Girls U11BFILIA: HURRICANES,Girls U11BFILIA: CYCLONES,Girls U11BDummy 10,Girls U11BDummy 9
Girls U11BDummy 9,Girls U11BDummy 10,Girls U11BFILIA: CYCLONES,Girls U11BFILIA: HURRICANES
Girls U11BDummy 10,Girls U11BDummy 9,Girls U11BFILIA: HURRICANES,Girls U11BFILIA: CYCLONES
Girls U13ABYC,Girls U13AFILIA 2021,Girls U13ASPRINGFIELD GOLD,Girls U13AHENLOPEN STORM
Girls U13AFILIA 2021,Girls U13ABYC,Girls U13AHENLOPEN STORM,Girls U13AQUIX STIX 7TH GRADE A
Girls U13AHENLOPEN STORM,Girls U13AQUIX STIX 5/6 GRADE A,Girls U13AFILIA 2021,Girls U13ABYC
Girls U13AQUIX STIX 5/6 GRADE A,Girls U13AHENLOPEN STORM,Girls U13AQUIX STIX 7TH GRADE A,Girls U13ASPRINGFIELD GOLD
Girls U13AQUIX STIX 7TH GRADE A,Girls U13ASPRINGFIELD GOLD,Girls U13AQUIX STIX 5/6 GRADE A,Girls U13AFILIA 2021
Girls U13ASPRINGFIELD GOLD,Girls U13AQUIX STIX 7TH GRADE A,Girls U13ABYC,Girls U13AQUIX STIX 5/6 GRADE A
Girls U13BBYC,Girls U13BFILIA 2022,Girls U13BDummy 11,Girls U13BHENLOPEN STORM
Girls U13BFILIA 2022,Girls U13BBYC,Girls U13BHENLOPEN STORM,Girls U13BSPRINGFIELD BLUE
Girls U13BHENLOPEN STORM,Girls U13BRTO B,Girls U13BFILIA 2022,Girls U13BBYC
Girls U13BRTO B,Girls U13BHENLOPEN STORM,Girls U13BSPRINGFIELD BLUE,Girls U13BDummy 11
Girls U13BSPRINGFIELD BLUE,Girls U13BDummy 11,Girls U13BRTO B,Girls U13BFILIA 2022
Girls U13BDummy 11,Girls U13BSPRINGFIELD BLUE,Girls U13BBYC,Girls U13BRTO B
Girls U15ATHUNDER,Girls U15AOPTIMIST LAXERS,Girls U15AQUIX STIX 8TH GRADE A,Girls U15ASPRINGFIELD GOLD
Girls U15AOPTIMIST LAXERS,Girls U15ATHUNDER,Girls U15ASPRINGFIELD GOLD,Girls U15AQUIX STIX 8TH GRADE A
Girls U15AQUIX STIX 8TH GRADE A,Girls U15ASPRINGFIELD GOLD,Girls U15ATHUNDER,Girls U15AOPTIMIST LAXERS
Girls U15ASPRINGFIELD GOLD,Girls U15AQUIX STIX 8TH GRADE A,Girls U15AOPTIMIST LAXERS,Girls U15ATHUNDER
Girls U15BBYC -  7TH GRADE,Girls U15BSTORM,Girls U15BDummy 12,Girls U15BLOWER MAC MUSTANGS
Girls U15BSTORM,Girls U15BBYC -  7TH GRADE,Girls U15BLOWER MAC MUSTANGS,Girls U15BSPRINGFIELD 2020
Girls U15BLOWER MAC MUSTANGS,Girls U15BROSE TREE RED,Girls U15BSTORM,Girls U15BBYC -  7TH GRADE
Girls U15BROSE TREE RED,Girls U15BLOWER MAC MUSTANGS,Girls U15BSPRINGFIELD 2020,Girls U15BDummy 12
Girls U15BSPRINGFIELD 2020,Girls U15BDummy 12,Girls U15BROSE TREE RED,Girls U15BSTORM
Girls U15BDummy 12,Girls U15BSPRINGFIELD 2020,Girls U15BBYC -  7TH GRADE,Girls U15BROSE TREE RED
